<?xml version="1.0" encoding="utf-8"?>
<extension version="3.0" type="component" method="update">
	<name>TIBCO OpenAPI Database Import</name>
	<author>TIBCO Software Inc.</author>
	<creationDate>October 2013</creationDate>
	<copyright>Copyright (C) 2013 TIBCO Software, Inc. All rights reserved.
	</copyright>
	<authorEmail>ux-dev@tibco.com</authorEmail>
	<authorUrl>www.tibco.com</authorUrl>
	<version>1.0</version>
	<description>Imports basic configuration and sample database for OpenAPI into Joomla.</description>

	<scriptfile>install.php</scriptfile>

	<install>
		<sql>
			<file driver="mysql" charset="utf8">sql/install.mysql.utf8.sql</file>
		</sql>
	</install>

	<!-- will back up any of these tables if they already exist Joomla will replace #_ with the custom prefix for this installation. -->
	<tables>
		<table type="optional">#__assets</table>
		<table type="optional">#__categories</table>
		<table type="optional">#__content</table>
		<table type="optional">#__email_emplates</table>
		<table type="optional">#__extensions</table>
		<table type="optional">#__js_ip_2_country</table>
		<table type="optional">#__js_res_audit_log</table>
		<table type="optional">#__js_res_audit_restore</table>
		<table type="optional">#__js_res_audit_versions</table>
		<table type="optional">#__js_res_categories</table>
		<table type="optional">#__js_res_category_filters</table>
		<table type="optional">#__js_res_category_user</table>
		<table type="optional">#__js_res_comments</table>
		<table type="optional">#__js_res_country</table>
		<table type="optional">#__js_res_favorite</table>
		<table type="optional">#__js_res_fields</table>
		<table type="optional">#__js_res_fields_group</table>
		<table type="optional">#__js_res_field_geo</table>
		<table type="optional">#__js_res_field_multilevelselect</table>
		<table type="optional">#__js_res_field_stepaccess</table>
		<table type="optional">#__js_res_field_telephone</table>
		<table type="optional">#__js_res_files</table>
		<table type="optional">#__js_res_hits</table>
		<table type="optional">#__js_res_import</table>
		<table type="optional">#__js_res_import_rows</table>
		<table type="optional">#__js_res_moderators</table>
		<table type="optional">#__js_res_notifications</table>
		<table type="optional">#__js_res_packs</table>
		<table type="optional">#__js_res_packs_sections</table>
		<table type="optional">#__js_res_polls</table>
		<table type="optional">#__js_res_record</table>
		<table type="optional">#__js_res_record_category</table>
		<table type="optional">#__js_res_record_repost</table>
		<table type="optional">#__js_res_record_values</table>
		<table type="optional">#__js_res_sales</table>
		<table type="optional">#__js_res_sections</table>
		<table type="optional">#__js_res_subscribe</table>
		<table type="optional">#__js_res_subscribe_cat</table>
		<table type="optional">#__js_res_tags</table>
		<table type="optional">#__js_res_tags_history</table>
		<table type="optional">#__js_res_types</table>
		<table type="optional">#__js_res_user_options</table>
		<table type="optional">#__js_res_user_options_autofollow</table>
		<table type="optional">#__js_res_user_post_map</table>
		<table type="optional">#__js_res_vote</table>
		<table type="optional">#__menu</table>
		<table type="optional">#__menu_types</table>
		<table type="optional">#__modules</table>
		<table type="optional">#__modules_menu</table>
		<table type="optional">#__schemas</table>
		<table type="optional">#__usergroups</table>
		<table type="optional">#__users</table>
		<table type="optional">#__user_notes</table>
		<table type="optional">#__user_profiles</table>
		<table type="optional">#__user_usergroup_map</table>
		<table type="optional">#__viewlevels</table>
	</tables>

	<files folder="admin">
		<filename>index.html</filename>
		<folder>sql</folder>
	</files>
	
	<administration>
		<files folder="admin">
			<folder>sql</folder>
		</files>
	</administration>
</extension>
