<?xml version="1.0" encoding="utf-8"?>
<extension type="component" version="3.0" method="upgrade">
    <name>com_migrate</name>
    <creationDate>2015-01-14</creationDate>
    <version>2.0.0</version>
    <description>Migrate</description>
    <scriptfile>install.php</scriptfile>
    <administration>
        <files folder="admin">
            <filename>controller.php</filename>
            <filename>index.html</filename>
            <filename>migrate.php</filename>
            <folder>controllers</folder>
            <folder>db</folder>
            <folder>models</folder>
            <folder>views</folder>
        </files>
    </administration>
</extension>
